{
  "average_gradient": 12.954365079365079,
  "max_gradient": 22.222222222222225,
  "min_gradient": 4.428571428571428,
  "sections": [
    {
      "section": "千畳敷駅→八丁坂取付",
      "distance": 0.3,
      "elevation_diff": 38,
      "gradient": 12.666666666666668
    },
    {
      "section": "八丁坂取付→乗越浄土",
      "distance": 0.8999999999999999,
      "elevation_diff": 200,
      "gradient": 22.222222222222225
    },
    {
      "section": "乗越浄土→中岳",
      "distance": 0.6000000000000001,
      "elevation_diff": 75,
      "gradient": 12.499999999999996
    },
    {
      "section": "中岳→木曽駒ヶ岳山頂",
      "distance": 0.7,
      "elevation_diff": 31,
      "gradient": 4.428571428571428
    }
  ]
}